Organisationsname,Straße,Postleitzahl,Stadt,Bildungsbereich,Tag(s),Schultyp,Bundesland,Land,Änderungsdatum
Marie-Curie-Gymnasium Hohen Neuendorf,Waldstraße 1a,16540,Hohen Neuendorf,,"Ehrung_2015,Bewerbung MINT 2015,Erneute Bewerbung MINT 2018,Ehrung_2018,02 Erst-Bewerbung Digitale Schule 2020,03 Vorbewertung 2020 erfolgt,01 Digitale Schule Ehrung_2020,00 bearbeitet von Solka",Gymnasium,BB,Deutschland,2020-05-28 09:42:10
Evangelische Gemeinschaftsschule Doberlug-Kirchhain,Karl-Marx-Straße 32-34,3253,Doberlug-Kirchhain,,"Ehrung_2017,Erstbewerber MINT 2017,Bewerbung Digitale Schule 2018,Digitale Schule Ehrung 2018,02 Erneute Bewerbung Digitale Schule 2020,02 Erneute Bewerbung MINT-fr. Schule 2020,03 Vorbewertung 2020 erfolgt,01 MINT-fr. Schule Ehrung_2020,01 Digitale Schule Ehrung_2020,00 bearbeitet von Solka",Oberschule,BB,Deutschland,2020-05-14 12:28:37
Grace-Hopper-Gesamtschule Teltow,Albert-Wiebach-Str. 4,14513,Teltow,,"02 Erst-Bewerbung Digitale Schule 2020,03 Vorbewertung 2020 erfolgt,01 Digitale Schule Ehrung_2020,00 bearbeitet von Solka",Gesamtschule mit gymn. Oberstufe,BB,Deutschland,2020-05-04 13:54:32
Schule am Schloss Potsdam,Esplanade 5,14469,Potsdam,,"02 Erst-Bewerbung Digitale Schule 2020,03 Vorbewertung 2020 erfolgt,01 Digitale Schule Ehrung_2020,00 bearbeitet von Solka",Gesamtschule,BB,Deutschland,2020-05-31 20:35:09
Carl-Friedrich-von-Siemens-Gymnasium Berlin,Jungfernheideweg 79,13629,Berlin,,"Ehrung_2012,Bewerbung MINT 2012,Ehrung_2017,Erneute Bewerbung MINT 2017,Bewerbung Digitale Schule 2018,Digitale Schule Ehrung 2018,02 Erneute Bewerbung Digitale Schule 2020,02 Erneute Bewerbung MINT-fr. Schule 2020,03 Vorbewertung 2020 erfolgt,01 MINT-fr. Schule Ehrung_2020,01 Digitale Schule Ehrung_2020,00 bearbeitet von Solka",Gymnasium,BE,Deutschland,2020-07-24 12:15:59
Berlin Cosmopolitan School Gymnasium Berlin,Rückerstraße 9,10119,Berlin-Mitte,,"Interessenten MINT-freundliche Schule,Ehrung_2017,Erstbewerber MINT 2017,Digitale Schule Ehrung 2017,Bewerbung Digitale Schule 2017,02 Erneute Bewerbung Digitale Schule 2020,02 Erneute Bewerbung MINT-fr. Schule 2020,03 Vorbewertung 2020 erfolgt,01 MINT-fr. Schule Ehrung_2020,01 Digitale Schule Ehrung_2020,00 bearbeitet von Solka",Gymnasium,BE,Deutschland,2020-08-04 21:58:08
Berlin Cosmopolitan School Grundschule Berlin,Rückerstraße 9,10119,Berlin-Mitte,Primarbereich,"Ehrung_2017,Erstbewerber MINT 2017,Digitale Schule Ehrung 2017,Bewerbung Digitale Schule 2017,02 Erneute Bewerbung Digitale Schule 2020,02 Erneute Bewerbung MINT-fr. Schule 2020,03 Vorbewertung 2020 erfolgt,01 MINT-fr. Schule Ehrung_2020,01 Digitale Schule Ehrung_2020,00 bearbeitet von Solka",Grundschule,BE,Deutschland,2020-08-04 00:43:46
ISS Schule an der Jungfernheide Berlin,Lenther Steig 1-3,13629,Berlin,,"Ehrung_2016,Erstbewerber MINT 2016,Erneute Bewerbung MINT 2017,Digitale Schule Ehrung 2017,Bewerbung Digitale Schule 2017,Erneute Bewerbung MINT 2018,Ehrung_2018,02 Erneute Bewerbung Digitale Schule 2020,02 Erneute Bewerbung MINT-fr. Schule 2020,03 Vorbewertung 2020 erfolgt,01 MINT-fr. Schule Ehrung_2020,01 Digitale Schule Ehrung_2020,00 bearbeitet von Solka",ISS mit gymnasialer Oberstufe O,BE,Deutschland,2020-08-03 18:33:47
Wirtemberg-Gymnasium Stuttgart,Lindenschulstraße 20,70327,Stuttgart,,"Ehrung_2011,Ehrung_2014,Bewerbung MINT 2011,Bewerbung MINT 2014,Ehrung_2017,Erneute Bewerbung MINT 2017,02 Erst-Bewerbung Digitale Schule 2020,02 Erneute Bewerbung MINT-fr. Schule 2020,03 Vorbewertung 2020 erfolgt,01 MINT-fr. Schule Ehrung_2020,01 Digitale Schule Ehrung_2020",Gymnasium,BW,Deutschland,2020-05-27 12:09:43
Hebel-Gymnasium Pforzheim,Simmlerstraße 1,75172,Pforzheim,,"Ehrung_2011,Ehrung_2014,Bewerbung MINT 2011,Bewerbung MINT 2014,Ehrung_2017,Erneute Bewerbung MINT 2017,02 Erst-Bewerbung Digitale Schule 2020,03 Vorbewertung 2020 erfolgt,01 Digitale Schule Ehrung_2020,00 bearbeitet von Solka",Gymnasium,BW,Deutschland,2020-05-31 19:08:43
Schenk-von-Limpurg-Gymnasium Gaildorf,Schloss-Str. 24,74405,Gaildorf,,"Ehrung_2011,Ehrung_2014,Bewerbung MINT 2011,Bewerbung MINT 2014,Erneute Bewerbung MINT 2018,Ehrung_2018,02 Erst-Bewerbung Digitale Schule 2020,03 Vorbewertung 2020 erfolgt,01 Digitale Schule Ehrung_2020,00 bearbeitet von Solka",Gymnasium,BW,Deutschland,2020-05-29 11:43:42
Hans-Freudenberg-Schule Weinheim,Wormser Straße 51,69469,Weinheim,,"Ehrung_2012,Ehrung_2015,Bewerbung MINT 2012,Bewerbung MINT 2015,Metropolregion Rhein-Neckar MINT-Region,Wissensfabrik Partnerschulen 2018,Erneute Bewerbung MINT 2019,07 ReZi HF,Ehrung_2019,02 Erst-Bewerbung Digitale Schule 2020,03 Vorbewertung 2020 erfolgt,01 Digitale Schule Ehrung_2020,00 bearbeitet von Solka",Berufliche Schule,BW,Deutschland,2020-05-25 16:08:35
Stiftsgymnasium Sindelfingen,Böblinger Str. 26,71065,Sindelfingen,,"Ehrung_2012,Ehrung_2015,MINT-EC,Bewerbung MINT 2012,Bewerbung MINT 2015,Digitale Schule Ehrung 2017,Bewerbung Digitale Schule 2017,02 Erneute Bewerbung Digitale Schule 2020,02 Erneute Bewerbung MINT-fr. Schule 2020,03 Vorbewertung 2020 erfolgt,01 MINT-fr. Schule Ehrung_2020,01 Digitale Schule Ehrung_2020,00 bearbeitet von Solka",Gymnasium,BW,Deutschland,2020-05-29 19:21:54
Dietrich-Bonhoeffer-Gymnasium Weinheim,Breslauer Str. 60,69469,Weinheim,,"Ehrung_2013,Ehrung_2016,Erneute Bewerbung MINT 2016,Bewerbung MINT 2013,Metropolregion Rhein-Neckar MINT-Region,Digitale Schule Ehrung 2017,Bewerbung Digitale Schule 2017,Erneute Bewerbung MINT 2019,07 ReZi HF,Ehrung_2019,02 Erneute Bewerbung Digitale Schule 2020,03 Vorbewertung 2020 erfolgt,01 Digitale Schule Ehrung_2020,00 bearbeitet von Solka",Gymnasium,BW,Deutschland,2020-05-15 10:43:46
Gewerbliche Schule Bad Mergentheim,Seegartenstr. 16,97980,Bad Mergentheim,,"Ehrung_2013,Ehrung_2016,Erneute Bewerbung MINT 2016,Bewerbung MINT 2013,Wissensfabrik Partnerschulen 2018,Bewerbung Digitale Schule 2019,Erneute Bewerbung MINT 2019,Vorbewertung 2019 erfolgt,07 ReZi HF,Ehrung_2019,keine Digital Ehrung 2019,02 Erst-Bewerbung Digitale Schule 2020,03 Vorbewertung 2020 erfolgt,01 Digitale Schule Ehrung_2020,00 bearbeitet von Solka",Berufsschule,BW,Deutschland,2020-05-31 23:51:57
Humboldt-Gymnasium Karlsruhe,Wilhelm-Hausenstein-Allee 22,76187,Karlsruhe,,"Ehrung_2011,Ehrung_2014,Bewerbung MINT 2011,Bewerbung MINT 2014,Ehrung_2017,Erneute Bewerbung MINT 2017,02 Erst-Bewerbung Digitale Schule 2020,02 Erneute Bewerbung MINT-fr. Schule 2020,03 Vorbewertung 2020 erfolgt,01 MINT-fr. Schule Ehrung_2020,01 Digitale Schule Ehrung_2020,00 bearbeitet von Solka",Gymnasium,BW,Deutschland,2020-05-28 10:36:27
Leibniz Gymnasium Rottweil,Heerstraße 140,78628,Rottweil,,"Ehrung_2014,Bewerbung MINT 2014,Ehrung_2017,Erneute Bewerbung MINT 2017,Digitale Schule Ehrung 2017,Bewerbung Digitale Schule 2017,02 Erneute Bewerbung Digitale Schule 2020,02 Erneute Bewerbung MINT-fr. Schule 2020,03 Vorbewertung 2020 erfolgt,01 MINT-fr. Schule Ehrung_2020,01 Digitale Schule Ehrung_2020,00 bearbeitet von Solka",Gymnasium,BW,Deutschland,2020-07-02 11:48:24
Georg-Büchner-Gymnasium Winnenden,Paulinenstr. 29-31,71364,Winnenden,,"Ehrung_2015,Bewerbung MINT 2015,Digitale Schule Ehrung 2017,Bewerbung Digitale Schule 2017,Erneute Bewerbung MINT 2019,Vorbewertung 2019 erfolgt,07 ReZi HF,Ehrung_2019,02 Erneute Bewerbung Digitale Schule 2020,03 Vorbewertung 2020 erfolgt,01 Digitale Schule Ehrung_2020,00 bearbeitet von Solka",Gymnasium,BW,Deutschland,2020-05-18 11:51:16
Eugen-Bolz Realschule Ellwangen,Berlinerstr. 27,73479,Ellwangen,,"Ehrung_2015,Bewerbung MINT 2015,Ehrung_2017,Digitale Schule Ehrung 2017,02 Erneute Bewerbung Digitale Schule 2020,03 Vorbewertung 2020 erfolgt,01 Digitale Schule Ehrung_2020,00 bearbeitet von Solka",Realschule,BW,Deutschland,2020-05-28 13:37:02
Berufliches Schulzentrum Bietigheim-Bissingen,Fischerpfad 10-12,74321,Bietigheim-Bissingen,,"Ehrung_2015,Bewerbung MINT 2015,Digitale Schule Ehrung 2017,Bewerbung Digitale Schule 2017,Erneute Bewerbung MINT 2018,Ehrung_2018,02 Erneute Bewerbung Digitale Schule 2020,03 Vorbewertung 2020 erfolgt,01 Digitale Schule Ehrung_2020,00 bearbeitet von Solka",Berufsschule und Gewerbliche Gymnasien,BW,Deutschland,2018-05-29 18:02:39
Nikolaus-Kistner-Gymnasium Mosbach,Jean-de-la-Fontaine 6-10,74821,Mosbach,,"Ehrung_2016,Erstbewerber MINT 2016,Metropolregion Rhein-Neckar MINT-Region,Erneute Bewerbung MINT 2018,Bewerbung Digitale Schule 2018,Ehrung_2018,Digitale Schule Ehrung 2018,02 Erneute Bewerbung Digitale Schule 2020,02 Erneute Bewerbung MINT-fr. Schule 2020,03 Vorbewertung 2020 erfolgt,01 MINT-fr. Schule Ehrung_2020,01 Digitale Schule Ehrung_2020,00 bearbeitet von Solka",Gymnasium,BW,Deutschland,2020-04-10 17:48:12
Wimpina-Grundschule Buchen,Dr. Fritz-Schmitt Ring 1,74722,Buchen,Primarbereich,"Ehrung_2013,Ehrung_2015,Bewerbung MINT 2013,Bewerbung MINT 2015,Metropolregion Rhein-Neckar MINT-Region,Erneute Bewerbung MINT 2018,Ehrung_2018,02 Erst-Bewerbung Digitale Schule 2020,03 Vorbewertung 2020 erfolgt,01 Digitale Schule Ehrung_2020,00 bearbeitet von Solka",Grundschule,BW,Deutschland,2020-03-19 11:23:27
Johannes-Kepler-Gymnasium Leonberg,Lindenstr. 4,71229,Leonberg,,"Wissensfabrik Partnerschulen 2018,Erstbewerber MINT 2019,Vorbewertung 2019 erfolgt,Ehrung_2019,02 Erst-Bewerbung Digitale Schule 2020,03 Vorbewertung 2020 erfolgt,01 Digitale Schule Ehrung_2020,00 bearbeitet von Solka",Gymnasium,BW,Deutschland,2019-05-28 16:33:04
Kaufmännische Schule Göppingen,Christian-Grüninger-Str. 12,73035,Göppingen,,"02 Erst-Bewerbung Digitale Schule 2020,03 Vorbewertung 2020 erfolgt,01 Digitale Schule Ehrung_2020,00 bearbeitet von Solka",Berufsschule,BW,Deutschland,2020-05-31 14:30:52
Schiller-Gymnasium Offenburg,Zellerstraße 33,77654,Offenburg,,"Ehrung_2011,Ehrung_2014,Bewerbung MINT 2011,Bewerbung MINT 2014,Ehrung_2017,Erneute Bewerbung MINT 2017,Digitale Schule Ehrung 2017,Bewerbung Digitale Schule 2017,02 Erneute Bewerbung Digitale Schule 2020,02 Erneute Bewerbung MINT-fr. Schule 2020,03 Vorbewertung 2020 erfolgt,01 MINT-fr. Schule Ehrung_2020,01 Digitale Schule Ehrung_2020,00 bearbeitet von Solka",Gymnasium,BW,Deutschland,2020-05-28 22:30:58
Ottheinrich-Gymnasium Wiesloch,Gymnasiumstraße 1-3,69168,Wiesloch,,"Metropolregion Rhein-Neckar MINT-Region,Digitale Schule Ehrung 2017,Bewerbung Digitale Schule 2017,Wissensfabrik Partnerschulen 2018,02 Erneute Bewerbung Digitale Schule 2020,03 Vorbewertung 2020 erfolgt,01 Digitale Schule Ehrung_2020,00 bearbeitet von Solka",Gymnasium,BW,Deutschland,2020-06-22 10:11:57
Laubenhartschule Bartholomä,Marktwiese 1,73566,Bartholomä,Primarbereich,"Ehrung_2017,Erstbewerber MINT 2017,02 Erst-Bewerbung Digitale Schule 2020,02 Erneute Bewerbung MINT-fr. Schule 2020,03 Vorbewertung 2020 erfolgt,01 MINT-fr. Schule Ehrung_2020,01 Digitale Schule Ehrung_2020,00 bearbeitet von Solka",Grundschule,BW,Deutschland,2020-03-30 13:03:04
Gymnasien I und II im Ellental Bietigheim-Bissingen,Schwarzwaldstraße 29,74321,Bietigheim-Bissingen,,"Ehrung_2016,Erstbewerber MINT 2016,Digitale Schule Ehrung 2017,Bewerbung Digitale Schule 2017,Erneute Bewerbung MINT 2019,07 ReZi HF,Ehrung_2019,02 Erneute Bewerbung Digitale Schule 2020,03 Vorbewertung 2020 erfolgt,01 Digitale Schule Ehrung_2020,00 bearbeitet von Solka",allgemein bildendes Gymnasium,BW,Deutschland,2019-12-23 18:39:25
Werdenbergschule Trochtelfingen,Hohenbergstr. 13-19,72818,Trochtelfingen,,"Ehrung_2017,Erstbewerber MINT 2017,Bewerbung Digitale Schule 2018,Digitale Schule Ehrung 2018,02 Erneute Bewerbung Digitale Schule 2020,02 Erneute Bewerbung MINT-fr. Schule 2020,03 Vorbewertung 2020 erfolgt,01 MINT-fr. Schule Ehrung_2020,01 Digitale Schule Ehrung_2020,00 bearbeitet von Solka",Gemeinschaftsschule,BW,Deutschland,2020-05-28 17:35:04
Ehrhart-Schott-Schule Schwetzingen,Lessingstraße 18,68723,Schwetzingen,,"Metropolregion Rhein-Neckar MINT-Region,Ehrung_2017,Erstbewerber MINT 2017,02 Erst-Bewerbung Digitale Schule 2020,02 Erneute Bewerbung MINT-fr. Schule 2020,03 Vorbewertung 2020 erfolgt,01 MINT-fr. Schule Ehrung_2020,01 Digitale Schule Ehrung_2020,00 bearbeitet von Solka",Berufsbildende Schule,BW,Deutschland,2020-05-29 19:18:25
Max-Planck-Gymnasium Böblingen,Murkenbachweg 4,71032,Böblingen,,"Erstbewerber MINT 2018,Ehrung_2018,Bewerbung Digitale Schule 2019,Vorbewertung 2019 erfolgt,keine Digital Ehrung 2019,02 Erst-Bewerbung Digitale Schule 2020,03 Vorbewertung 2020 erfolgt,01 Digitale Schule Ehrung_2020,00 bearbeitet von Solka",Gymnasium,BW,Deutschland,2020-05-18 09:45:36
St. Gertrudis Mädchenrealschule und Gymnasium Ellwangen,Schönbornweg 8,73479,Ellwangen,,"Erstbewerber MINT 2018,Ehrung_2018,02 Erst-Bewerbung Digitale Schule 2020,03 Vorbewertung 2020 erfolgt,01 Digitale Schule Ehrung_2020,00 bearbeitet von Solka","Gymnasium, Realschule",BW,Deutschland,2018-10-08 14:51:31
Augusta-Bender-Schule Mosbach,Schillerstraße 2,74821,Mosbach,,"Erstbewerber MINT 2018,Ehrung_2018,Bewerbung Digitale Schule 2019,Vorbewertung 2019 erfolgt,keine MINT Ehrung 2019,keine Digital Ehrung 2019,02 Erst-Bewerbung Digitale Schule 2020,03 Vorbewertung 2020 erfolgt,01 Digitale Schule Ehrung_2020,00 bearbeitet von Solka",Berufliche Schule,BW,Deutschland,2019-05-28 13:16:39
Humboldt-Gymnasium Ulm,Karl-Schefold-Str.18,89073,Ulm,,"Interessenten MINT-freundliche Schule,Erstbewerber MINT 2018,Ehrung_2018,Bewerbung Digitale Schule 2019,Vorbewertung 2019 erfolgt,keine Digital Ehrung 2019,02 Erst-Bewerbung Digitale Schule 2020,03 Vorbewertung 2020 erfolgt,01 Digitale Schule Ehrung_2020,00 bearbeitet von Solka",Gymnasium,BW,Deutschland,2019-12-17 10:37:44
Goethe-Gymnasium Karlsruhe,Renckstraße 2,76133,Karlsruhe,,"Ehrung_2014,Bewerbung MINT 2014,Ehrung_2017,Erneute Bewerbung MINT 2017,Wissensfabrik Partnerschulen 2018,Bewerbung Digitale Schule 2019,Vorbewertung 2019 erfolgt,keine Digital Ehrung 2019,02 Erst-Bewerbung Digitale Schule 2020,02 Erneute Bewerbung MINT-fr. Schule 2020,03 Vorbewertung 2020 erfolgt,01 MINT-fr. Schule Ehrung_2020,01 Digitale Schule Ehrung_2020,00 bearbeitet von Solka",Gymnasium,BW,Deutschland,2020-05-26 11:05:26
Galileo Grundschule Stuttgart,Alexanderstr. 22,70184,Stuttgart,Primarbereich,"Erstbewerber MINT 2018,Ehrung_2018,Wissensfabrik Partnerschulen 2018,02 Erst-Bewerbung Digitale Schule 2020,03 Vorbewertung 2020 erfolgt,01 Digitale Schule Ehrung_2020,00 bearbeitet von Solka",Bildungshaus,BW,Deutschland,2020-06-19 09:14:34
Lessing-Schulen Stuttgart,Zuckerfabrick 7,70376,Stuttgart,,"Bewerbung Digitale Schule 2019,Erstbewerber MINT 2019,Vorbewertung 2019 erfolgt,Ehrung_2019,keine Digital Ehrung 2019,02 Erst-Bewerbung Digitale Schule 2020,03 Vorbewertung 2020 erfolgt,01 Digitale Schule Ehrung_2020",Gymnasium und Realschule,BW,Deutschland,2020-06-16 02:38:41
Gymnasium in der Glemsaue Ditzingen,Gröninger Straße 29,71254,Ditzingen,,"Erstbewerber MINT 2018,Ehrung_2018,Wissensfabrik Partnerschulen 2018,Bewerbung Digitale Schule 2019,Vorbewertung 2019 erfolgt,keine Digital Ehrung 2019,02 Erst-Bewerbung Digitale Schule 2020,03 Vorbewertung 2020 erfolgt,01 Digitale Schule Ehrung_2020,00 bearbeitet von Solka",Gymnasium,BW,Deutschland,2020-05-27 16:01:28
Blautopf-Schule Blaubeuren,Eduard-von-Lang-Straße,89143,Blaubeuren,,"Ehrung_2016,Erstbewerber MINT 2016,Digitale Schule Ehrung 2017,Bewerbung Digitale Schule 2017,Erneute Bewerbung MINT 2019,Vorbewertung 2019 erfolgt,07 ReZi HF,Ehrung_2019,02 Erneute Bewerbung Digitale Schule 2020,03 Vorbewertung 2020 erfolgt,01 Digitale Schule Ehrung_2020,00 bearbeitet von Solka",Gemeinschaftsschule,BW,Deutschland,2020-04-10 07:30:27
Carl-Netter-Realschule Bühl,Platz Vilafranca 3,77815,Bühl,,"Erstbewerber MINT 2019,Vorbewertung 2019 erfolgt,Ehrung_2019,02 Erst-Bewerbung Digitale Schule 2020,03 Vorbewertung 2020 erfolgt,01 Digitale Schule Ehrung_2020,00 bearbeitet von Solka",Realschule,BW,Deutschland,2020-05-29 12:37:46
Gemeinschaftsschule mit Werkrealschule Eberbach,"Steigestr., 105",69412,Eberbach,,"Bewerbung Digitale Schule 2019,Vorbewertung 2019 erfolgt,keine Digital Ehrung 2019,02 Erst-Bewerbung Digitale Schule 2020,03 Vorbewertung 2020 erfolgt,01 Digitale Schule Ehrung_2020,00 bearbeitet von Solka",Gemeinschaftsschule mit Werkrealschule,BW,Deutschland,2020-05-19 17:33:40
Quenstedt-Gymnasium Mössingen,Goethestr. 25,72116,Mössingen,,"Erstbewerber MINT 2019,Vorbewertung 2019 erfolgt,Ehrung_2019,02 Erst-Bewerbung Digitale Schule 2020,03 Vorbewertung 2020 erfolgt,01 Digitale Schule Ehrung_2020,00 bearbeitet von Solka",Gymnasium,BW,Deutschland,2019-05-29 18:31:10
LÖWENROT-Gymnasium St. Leon-Rot,Im Schiff 1,68789,St. Leon-Rot,,"Ehrung_2012,Ehrung_2015,Bewerbung MINT 2012,Bewerbung MINT 2015,Metropolregion Rhein-Neckar MINT-Region,Erneute Bewerbung MINT 2019,07 ReZi HF,Ehrung_2019,02 Erst-Bewerbung Digitale Schule 2020,03 Vorbewertung 2020 erfolgt,01 Digitale Schule Ehrung_2020,00 bearbeitet von Solka",Gymnasium,BW,Deutschland,2020-08-04 00:54:25
Gemeinschaftsschule Jettingen,Oberjettinger Str. 30,71131,Jettingen,,"Smart school 2019,02 Erst-Bewerbung Digitale Schule 2020,03 Vorbewertung 2020 erfolgt,01 Digitale Schule Ehrung_2020,00 bearbeitet von Solka",Gemeinschaftsschule,BW,Deutschland,2020-05-31 11:33:45
Friedrich-List Gemeinschaftsschule Mössingen,Goethestraße 23,72116,Mössingen,,"02 Erst-Bewerbung Digitale Schule 2020,02 Erst-Bewerbung MINT-fr. Schule 2020,03 Vorbewertung 2020 erfolgt,01 MINT-fr. Schule Ehrung_2020,01 Digitale Schule Ehrung_2020,03 Vorbewertungen beide (MS und DS) erfolgt 2020",Gemeinschaftsschule,BW,Deutschland,2020-05-29 07:49:30
Freie Josef-Schwarz-Gemeinschaftsschule Erlenbach,Georg-Ohm-Straße 15,74235, Erlenbach ,,"Erstbewerber MINT 2019,Vorbewertung 2019 erfolgt,Ehrung_2019,02 Erst-Bewerbung Digitale Schule 2020,03 Vorbewertung 2020 erfolgt,01 Digitale Schule Ehrung_2020,00 bearbeitet von Solka",Gemeinschaftsschule,BW,Deutschland,2020-08-05 00:57:07
Gemeinschaftsschule (Sekundarstufe) Rheintal Küssaberg,Gemeindezentrum 3,79790,Küssaberg,Primarbereich,"02 Erst-Bewerbung Digitale Schule 2020,03 Vorbewertung 2020 erfolgt,01 Digitale Schule Ehrung_2020,00 bearbeitet von Solka",Gemeinschaftsschule,BW,Deutschland,2020-08-10 16:01:01
Justinus-Kerner-Gymnasium Weinsberg,Rossäckerstr. 11,74189,Weinsberg,,"02 Erst-Bewerbung Digitale Schule 2020,03 Vorbewertung 2020 erfolgt,01 Digitale Schule Ehrung_2020,00 bearbeitet von Solka",Gymnasium,BW,Deutschland,2020-05-31 13:47:47
Gemeinschaftsschule (Grundschule) Rheintal Küssaberg,Gemeindezentrum 3,79790,Küssaberg,,"02 Erst-Bewerbung Digitale Schule 2020,03 Vorbewertung 2020 erfolgt,01 Digitale Schule Ehrung_2020",,BW,Deutschland,2020-08-10 16:01:23
Staatliche Realschule Zirndorf,Jakob-Wassermann-Str. 1,90513,Zirndorf,,"Ehrung_2012,Ehrung_2015,Bewerbung MINT 2012,Bewerbung MINT 2015,Digitale Schule Ehrung 2017,Bewerbung Digitale Schule 2017,Erneute Bewerbung MINT 2019,07 ReZi HF,Ehrung_2019,02 Erneute Bewerbung Digitale Schule 2020,03 Vorbewertung 2020 erfolgt,01 Digitale Schule Ehrung_2020,00 bearbeitet von Solka",Realschule,BY,Deutschland,2020-05-31 18:17:15
Ostendorfer Gymnasium Neumarkt,Dr.-Grundler-Str.5,92318,Neumarkt,,"Ehrung_2012,Ehrung_2015,Bewerbung MINT 2012,Bewerbung MINT 2015,Digitale Schule Ehrung 2017,Bewerbung Digitale Schule 2017,Unesco Projektschule,Erneute Bewerbung MINT 2019,07 ReZi HF,Ehrung_2019,02 Erneute Bewerbung Digitale Schule 2020,03 Vorbewertung 2020 erfolgt,01 Digitale Schule Ehrung_2020,00 bearbeitet von Solka",Gymnasium,BY,Deutschland,2020-05-28 12:33:12
Markgräfin-Wilhelmine-Gymnasium Bayreuth,Königsallee 17,95448,Bayreuth,,"Ehrung_2012,Ehrung_2015,Bewerbung MINT 2012,Bewerbung MINT 2015,Erneute Bewerbung MINT 2019,07 ReZi HF,Ehrung_2019,02 Erst-Bewerbung Digitale Schule 2020,03 Vorbewertung 2020 erfolgt,01 Digitale Schule Ehrung_2020,00 bearbeitet von Solka",Gymnasium,BY,Deutschland,2019-08-05 22:38:59
Karl-von-Closen-Gymnasium Eggenfelden,Gerner Allee 1,84307,Eggenfelden,,"Ehrung_2014,Bewerbung MINT 2014,Ehrung_2017,Erneute Bewerbung MINT 2017,02 Erst-Bewerbung Digitale Schule 2020,02 Erneute Bewerbung MINT-fr. Schule 2020,03 Vorbewertung 2020 erfolgt,01 MINT-fr. Schule Ehrung_2020,01 Digitale Schule Ehrung_2020,00 bearbeitet von Solka",Gymnasium,BY,Deutschland,2020-05-17 19:00:14
Marien-Realschule Kaufbeuren des Schulwerks der Diözese Augsburg,Kemnater Straße 15,87600,Kaufbeuren,,"Ehrung_2014,Bewerbung MINT 2014,Ehrung_2017,Erneute Bewerbung MINT 2017,Bewerbung Digitale Schule 2018,Digitale Schule Ehrung 2018,02 Erneute Bewerbung Digitale Schule 2020,02 Erneute Bewerbung MINT-fr. Schule 2020,03 Vorbewertung 2020 erfolgt,01 MINT-fr. Schule Ehrung_2020,01 Digitale Schule Ehrung_2020,00 bearbeitet von Solka",Realschule,BY,Deutschland,2019-02-07 13:40:21
Karl-Ritter-von-Frisch-Gymnasium Moosburg,Albinstraße 5,85368,Moosburg,,"Ehrung_2015,Bewerbung MINT 2015,Erneute Bewerbung MINT 2018,Ehrung_2018,Wissensfabrik Partnerschulen 2018,02 Erst-Bewerbung Digitale Schule 2020,03 Vorbewertung 2020 erfolgt,01 Digitale Schule Ehrung_2020,00 bearbeitet von Solka",Gymnasium,BY,Deutschland,2020-05-28 16:20:09
Johann-Turmair-Realschule Abensberg,Stadionstr. 46,93326,Abensberg,,"Ehrung_2015,Bewerbung MINT 2015,Digitale Schule Ehrung 2017,Bewerbung Digitale Schule 2017,Erneute Bewerbung MINT 2018,Ehrung_2018,02 Erneute Bewerbung Digitale Schule 2020,03 Vorbewertung 2020 erfolgt,01 Digitale Schule Ehrung_2020,00 bearbeitet von Solka",Realschule,BY,Deutschland,2018-05-30 16:26:31
Stefan-Krumenauer-Realschule Eggenfelden,Schulstraße 7,84307,Eggenfelden,,"Ehrung_2011,Ehrung_2012,Ehrung_2015,Bewerbung MINT 2011,Bewerbung MINT 2015,Digitale Schule Ehrung 2017,Bewerbung Digitale Schule 2017,Erneute Bewerbung MINT 2019,07 ReZi HF,Ehrung_2019,02 Erneute Bewerbung Digitale Schule 2020,03 Vorbewertung 2020 erfolgt,01 Digitale Schule Ehrung_2020,00 bearbeitet von Solka",Realschule,BY,Deutschland,2020-03-16 15:31:18
Private staatlich anerkannte Tilly Realschule Ingolstadt,Am Brückenkopf 1 // Haus D,85051,Ingolstadt,,"Ehrung_2015,Bewerbung MINT 2015,Digitale Schule Ehrung 2017,Bewerbung Digitale Schule 2017,Erneute Bewerbung MINT 2018,Ehrung_2018,02 Erneute Bewerbung Digitale Schule 2020,03 Vorbewertung 2020 erfolgt,01 Digitale Schule Ehrung_2020,00 bearbeitet von Solka",Realschule,BY,Deutschland,2020-05-29 13:17:39
Staatliche Fachoberschule und Berufsoberschule Schwandorf,Glätzlstraße 29,92421,Schwandorf,,"Ehrung_2016,Erstbewerber MINT 2016,Digitale Schule Ehrung 2017,Bewerbung Digitale Schule 2017,Erneute Bewerbung MINT 2019,07 ReZi HF,Ehrung_2019,02 Erneute Bewerbung Digitale Schule 2020,03 Vorbewertung 2020 erfolgt,01 Digitale Schule Ehrung_2020,00 bearbeitet von Solka",Berufliche Oberschule,BY,Deutschland,2020-04-28 11:11:45
Staatliche Realschule Mainburg,Ebrantshauserstraße 68b,84048,Mainburg,,"Ehrung_2016,Erstbewerber MINT 2016,Digitale Schule Ehrung 2017,Bewerbung Digitale Schule 2017,Erneute Bewerbung MINT 2019,Vorbewertung 2019 erfolgt,07 ReZi HF,Ehrung_2019,02 Erneute Bewerbung Digitale Schule 2020,03 Vorbewertung 2020 erfolgt,01 Digitale Schule Ehrung_2020,00 bearbeitet von Solka",staatliche Realschule,BY,Deutschland,2020-05-27 11:30:12
Kastulus-Realschule Moosburg,Breitenbergstraße 22,85368,Moosburg an der Isar,,"02 Erst-Bewerbung Digitale Schule 2020,03 Vorbewertung 2020 erfolgt,01 Digitale Schule Ehrung_2020,00 bearbeitet von Solka",Realschule,BY,Deutschland,2020-05-11 17:05:16
Mittelschule Landau an der Isar,Maria-Ward-Platz 2,94405,Landau an der Isar,,"02 Erst-Bewerbung Digitale Schule 2020,03 Vorbewertung 2020 erfolgt,01 Digitale Schule Ehrung_2020,00 bearbeitet von Solka",Mittelschule mit M-Zug und Mittlerem Bildungsabschluss,BY,Deutschland,2020-05-05 14:52:11
Staatliche Realschule Landshut,Christoph-Dorner-Str. 18,84028,Landshut,,"Ehrung_2013,Ehrung_2016,Erneute Bewerbung MINT 2016,Bewerbung MINT 2013,Digitale Schule Ehrung 2017,Bewerbung Digitale Schule 2017,Erneute Bewerbung MINT 2019,07 ReZi HF,Ehrung_2019,02 Erneute Bewerbung Digitale Schule 2020,03 Vorbewertung 2020 erfolgt,01 Digitale Schule Ehrung_2020,00 bearbeitet von Solka",Realschule,BY,Deutschland,2019-05-23 12:03:32
Frankenwald-Gymnasium Kronach,Am Schulzentrum 5,96317,Kronach,,"MINT-EC,Ehrung_2017,Erstbewerber MINT 2017,02 Erst-Bewerbung Digitale Schule 2020,02 Erneute Bewerbung MINT-fr. Schule 2020,03 Vorbewertung 2020 erfolgt,01 MINT-fr. Schule Ehrung_2020,01 Digitale Schule Ehrung_2020,00 bearbeitet von Solka",Gymnasium,BY,Deutschland,2020-05-07 15:32:45
Chiemgau-Gymnasium Traunstein,Brunnwiese 1,83278,Traunstein,,"Ehrung_2016,Erstbewerber MINT 2016,Digitale Schule Ehrung 2017,Bewerbung Digitale Schule 2017,Erneute Bewerbung MINT 2018,Ehrung_2018,02 Erneute Bewerbung Digitale Schule 2020,03 Vorbewertung 2020 erfolgt,01 Digitale Schule Ehrung_2020,00 bearbeitet von Solka",Gymnasium,BY,Deutschland,2020-05-18 10:41:11
Viktor-Karell-Realschule Landau a.d. Isar,Pf.-Huber-Str. 17,94405,Landau,,"Ehrung_2012,Ehrung_2015,Bewerbung MINT 2012,Bewerbung MINT 2015,Digitale Schule Ehrung 2017,Bewerbung Digitale Schule 2017,Erneute Bewerbung MINT 2019,Vorbewertung 2019 erfolgt,07 ReZi HF,Ehrung_2019,02 Erneute Bewerbung Digitale Schule 2020,03 Vorbewertung 2020 erfolgt,01 Digitale Schule Ehrung_2020,00 bearbeitet von Solka",Realschule,BY,Deutschland,2020-05-09 16:59:50
Graf-Rasso-Gymnasium Fürstenfeldbruck,Münchnerstr. 69,82256,Fürstenfeldbruck,,"Ehrung_2017,Erstbewerber MINT 2017,02 Erst-Bewerbung Digitale Schule 2020,02 Erneute Bewerbung MINT-fr. Schule 2020,03 Vorbewertung 2020 erfolgt,01 MINT-fr. Schule Ehrung_2020,01 Digitale Schule Ehrung_2020,00 bearbeitet von Solka",Gymnasium,BY,Deutschland,2020-05-31 16:54:21
Berufliche Oberschule Regensburg Staatliche Fachoberschule und Berufsoberschule Regensburg,Fort-Skelly-Str. 31,93053,Regensburg,,"Erstbewerber MINT 2019,Vorbewertung 2019 erfolgt,Ehrung_2019,02 Erst-Bewerbung Digitale Schule 2020,03 Vorbewertung 2020 erfolgt,01 Digitale Schule Ehrung_2020,00 bearbeitet von Solka",Berufliche Oberschule,BY,Deutschland,2020-08-07 15:05:21
Wilhelm-Diess-Gymnasium Pocking,"Dr.-Karl-Weiß-Platz, 2",94060,Pocking,,"Erstbewerber MINT 2019,Vorbewertung 2019 erfolgt,Ehrung_2019,02 Erst-Bewerbung Digitale Schule 2020,03 Vorbewertung 2020 erfolgt,01 Digitale Schule Ehrung_2020,00 bearbeitet von Solka",Gymnasium,BY,Deutschland,2019-08-05 23:02:01
"Gregor-von-Scherr-Schule, staatl. Realschule Neunburg v. Wald",Katzdorfer Str. 22,92431,Neunburg v.Wald,,"Ehrung_2017,Erstbewerber MINT 2017,Digitale Schule Ehrung 2017,Bewerbung Digitale Schule 2019,Vorbewertung 2019 erfolgt,Digitale Schule Ehrung 2019,02 Erneute Bewerbung Digitale Schule 2020,02 Erneute Bewerbung MINT-fr. Schule 2020,03 Vorbewertung 2020 erfolgt,01 MINT-fr. Schule Ehrung_2020,01 Digitale Schule Ehrung_2020,00 bearbeitet von Solka",Realschule,BY,Deutschland,2020-05-11 15:34:40
Realschule Tegernseer Tal Gmund am Tegernsee,Tölzer Str. 100,83703,Gmund a. Tegernsee,,"Erstbewerber MINT 2019,Vorbewertung 2019 erfolgt,Ehrung_2019,02 Erst-Bewerbung Digitale Schule 2020,03 Vorbewertung 2020 erfolgt,01 Digitale Schule Ehrung_2020,00 bearbeitet von Solka",Realschule,BY,Deutschland,2020-06-23 07:48:33
Oskar-Maria-Graf-Gymnasium Neufahrn,Keltenweg 5,85375,Neufahrn,,"Ehrung_2013,Ehrung_2016,Erneute Bewerbung MINT 2016,Bewerbung MINT 2013,Digitale Schule Ehrung 2017,Bewerbung Digitale Schule 2017,Smart School 2018,Erneute Bewerbung MINT 2019,Vorbewertung 2019 erfolgt,07 ReZi HF,Ehrung_2019,02 Erneute Bewerbung Digitale Schule 2020,03 Vorbewertung 2020 erfolgt,01 Digitale Schule Ehrung_2020,00 bearbeitet von Solka",Gymnasium,BY,Deutschland,2020-05-28 12:06:38
Dr.-Max-Josef-Metzger-Schule Staatl. Realschule Meitingen,Gartenstraße 3,86405,Meitingen,,"Wissensfabrik Partnerschulen 2018,02 Erst-Bewerbung Digitale Schule 2020,02 Erst-Bewerbung MINT-fr. Schule 2020,03 Vorbewertung 2020 erfolgt,01 MINT-fr. Schule Ehrung_2020,01 Digitale Schule Ehrung_2020,00 bearbeitet von Solka",Realschule,BY,Deutschland,2020-04-06 13:48:56
Grundschule Puchheim-Süd,Distelweg 13,82178,Puchheim,Primarbereich,"Wissensfabrik Partnerschulen 2018,02 Erst-Bewerbung Digitale Schule 2020,03 Vorbewertung 2020 erfolgt,01 Digitale Schule Ehrung_2020,00 bearbeitet von Solka",Grundschule,BY,Deutschland,2020-05-05 14:42:12
"Maria-Ward-Schule Kempten, Mädchenrealschule des Schulwerks der Diözese Augsburg",Hoffeldweg 12,87439,Kempten,,"02 Erst-Bewerbung Digitale Schule 2020,03 Vorbewertung 2020 erfolgt,01 Digitale Schule Ehrung_2020,00 bearbeitet von Solka",Realschule,BY,Deutschland,2020-06-11 14:16:13
Ifs - Institut für Fremdsprachen Schweinfurt,Carl-Zeiss-Straße 14,97424,Schweinfurt,,"02 Erst-Bewerbung Digitale Schule 2020,03 Vorbewertung 2020 erfolgt,01 Digitale Schule Ehrung_2020,00 bearbeitet von Solka",Berufsfachschule,BY,Deutschland,2020-08-04 00:59:55
Dr.-Johanna-Decker-Schulen Amberg,DEUTSCHE SCHULGASSE 2,92224,AMBERG,,"02 Erst-Bewerbung Digitale Schule 2020,03 Vorbewertung 2020 erfolgt,01 Digitale Schule Ehrung_2020,00 bearbeitet von Solka",Gymnasium und Realschule,BY,Deutschland,2020-05-27 10:47:37
Gymnasium an der Hamburger Straße Bremen,Hamburger Straße 12,28205,Bremen,,"Ehrung_2012,Ehrung_2016,Erneute Bewerbung MINT 2016,Bewerbung MINT 2012,Digitale Schule Ehrung 2017,Bewerbung Digitale Schule 2017,Erneute Bewerbung MINT 2019,07 ReZi HF,Ehrung_2019,02 Erneute Bewerbung Digitale Schule 2020,03 Vorbewertung 2020 erfolgt,01 Digitale Schule Ehrung_2020,00 bearbeitet von Solka",Gymnasium,HB,Deutschland,2020-07-31 12:51:39
Goethe-Gymnasium Bensheim,Auerbacher Str. 24,64625,Bensheim,,"Ehrung_2011,Ehrung_2014,Bewerbung MINT 2011,Bewerbung MINT 2014,Metropolregion Rhein-Neckar MINT-Region,Ehrung_2017,Erneute Bewerbung MINT 2017,02 Erst-Bewerbung Digitale Schule 2020,02 Erneute Bewerbung MINT-fr. Schule 2020,03 Vorbewertung 2020 erfolgt,01 MINT-fr. Schule Ehrung_2020,01 Digitale Schule Ehrung_2020,00 bearbeitet von Solka",Gymnasium,HE,Deutschland,2020-05-04 19:47:42
Neues Gymnasium Rüsselsheim,Grundweg 6,65428,Rüsselsheim am Main,,"Ehrung_2013,Ehrung_2016,Erneute Bewerbung MINT 2016,Bewerbung MINT 2013,Digitale Schule Ehrung 2017,Bewerbung Digitale Schule 2017,Smart School 2018,Erneute Bewerbung MINT 2019,07 ReZi HF,Ehrung_2019,02 Erneute Bewerbung Digitale Schule 2020,03 Vorbewertung 2020 erfolgt,01 Digitale Schule Ehrung_2020,00 bearbeitet von Solka",Gymnasium,HE,Deutschland,2019-05-28 20:45:44
Fürst-Johann-Ludwig-Schule Hadamar,Freiherr-vom-Stein-Sraße,65589,Hadamar,,"Ehrung_2012,Ehrung_2015,Erneute Bewerbung MINT 2018,Ehrung_2018,02 Erst-Bewerbung Digitale Schule 2020,03 Vorbewertung 2020 erfolgt,01 Digitale Schule Ehrung_2020,00 bearbeitet von Solka",Kooperative Gesamtschule,HE,Deutschland,2020-06-05 08:40:41
Konrad-Duden-Schule Bad Hersfeld,Neumarkt 33,36251,Bad Hersfeld,,"Ehrung_2015,Region Nordhessen,Bewerbung MINT 2015,Digitale Schule Ehrung 2017,Bewerbung Digitale Schule 2017,02 Erneute Bewerbung Digitale Schule 2020,03 Vorbewertung 2020 erfolgt,01 Digitale Schule Ehrung_2020,00 bearbeitet von Solka",Kooperative Gesamtschule,HE,Deutschland,2020-03-30 17:42:27
Werner-Heisenberg-Schule Rüsselsheim,Königstädter Str. 72-82,65428,Rüsselsheim am Main,,"Ehrung_2017,Erstbewerber MINT 2017,Digitale Schule Ehrung 2017,02 Erneute Bewerbung Digitale Schule 2020,02 Erneute Bewerbung MINT-fr. Schule 2020,03 Vorbewertung 2020 erfolgt,01 MINT-fr. Schule Ehrung_2020,01 Digitale Schule Ehrung_2020,00 bearbeitet von Solka",Berufsbildende Schule,HE,Deutschland,2020-05-29 19:03:32
Theodor-Heuss-Schule Wetzlar,Frankfurter Str. 72,35578,Wetzlar,,"Erstbewerber MINT 2019,Vorbewertung 2019 erfolgt,Ehrung_2019,02 Erst-Bewerbung Digitale Schule 2020,03 Vorbewertung 2020 erfolgt,01 Digitale Schule Ehrung_2020,00 bearbeitet von Solka",Berufliche Schule,HE,Deutschland,2020-05-29 16:58:31
Marienschule Fulda,Lindenstrasse 27,36037,Fulda,,"Ehrung_2017,Erstbewerber MINT 2017,Digitale Schule Ehrung 2017,02 Erneute Bewerbung Digitale Schule 2020,02 Erneute Bewerbung MINT-fr. Schule 2020,03 Vorbewertung 2020 erfolgt,01 MINT-fr. Schule Ehrung_2020,01 Digitale Schule Ehrung_2020,00 bearbeitet von Solka",Gymnasium,HE,Deutschland,2020-03-26 10:16:59
Alexander-von-Humboldt-Schule Lauterbach,Bahnhofstraße 44-48,36341,Lauterbach,,"Ehrung_2017,Erstbewerber MINT 2017,02 Erst-Bewerbung Digitale Schule 2020,02 Erneute Bewerbung MINT-fr. Schule 2020,03 Vorbewertung 2020 erfolgt,01 MINT-fr. Schule Ehrung_2020,01 Digitale Schule Ehrung_2020,00 bearbeitet von Solka",Gymnasium,HE,Deutschland,2020-05-29 13:29:03
Schule an der Wascherde Lauterbach,An der Wascherde 26,36341,Lauterbach,,"Ehrung_2017,Erstbewerber MINT 2017,02 Erst-Bewerbung Digitale Schule 2020,02 Erneute Bewerbung MINT-fr. Schule 2020,03 Vorbewertung 2020 erfolgt,01 MINT-fr. Schule Ehrung_2020,01 Digitale Schule Ehrung_2020,00 bearbeitet von Solka",verbundene Haupt- und Realschule mit Förderstufe,HE,Deutschland,2020-03-17 12:51:14
Adorno-Gymnasium Frankfurt,Miquelallee 160,60323,Frankfurt am Main,,"Ehrung_2017,Erstbewerber MINT 2017,02 Erst-Bewerbung Digitale Schule 2020,02 Erneute Bewerbung MINT-fr. Schule 2020,03 Vorbewertung 2020 erfolgt,01 MINT-fr. Schule Ehrung_2020,01 Digitale Schule Ehrung_2020,00 bearbeitet von Solka",Gymnasium,HE,Deutschland,2020-06-05 13:14:21
Oranienschule Wiesbaden,Oranienstraße 5-7,65185,Wiesbaden,,"Ehrung_2017,Erstbewerber MINT 2017,02 Erst-Bewerbung Digitale Schule 2020,02 Erneute Bewerbung MINT-fr. Schule 2020,03 Vorbewertung 2020 erfolgt,01 MINT-fr. Schule Ehrung_2020,01 Digitale Schule Ehrung_2020,00 bearbeitet von Solka",Gymnasium,HE,Deutschland,2020-05-30 16:33:38
Heinrich-Mann-Schule Dietzenbach,Etruskerstr. 2,63128,Dietzenbach,,"Erstbewerber MINT 2018,Ehrung_2018,02 Erst-Bewerbung Digitale Schule 2020,03 Vorbewertung 2020 erfolgt,01 Digitale Schule Ehrung_2020,00 bearbeitet von Solka",Kooperative Gesamtschule mit gymnasialer Oberstufe,HE,Deutschland,2020-05-29 15:28:23
Holderbergschule Eschenburg,Am Holderberg 2,35713,Eschenburg,,"Ehrung_2015,Bewerbung MINT 2015,Wissensfabrik Partnerschulen 2018,Erneute Bewerbung MINT 2019,07 ReZi HF,Ehrung_2019,02 Erst-Bewerbung Digitale Schule 2020,03 Vorbewertung 2020 erfolgt,01 Digitale Schule Ehrung_2020,00 bearbeitet von Solka",Gesamtschule,HE,Deutschland,2020-05-28 13:00:05
Gustav-Heinemann-Schule Rüsselsheim,Königstädter Str. 82,65428,Rüsselsheim,,"Ehrung_2015,Bewerbung MINT 2015,Digitale Schule Ehrung 2017,Erneute Bewerbung MINT 2018,Ehrung_2018,Wissensfabrik Partnerschulen 2018,Smart school 2019,02 Erneute Bewerbung Digitale Schule 2020,03 Vorbewertung 2020 erfolgt,01 Digitale Schule Ehrung_2020,00 bearbeitet von Solka",Oberstufengymnasium,HE,Deutschland,2020-03-17 14:00:20
Berufliche Schulen Groß-Gerau,Darmstädter Str. 90,64521,Groß-Gerau,,"Erstbewerber MINT 2019,Vorbewertung 2019 erfolgt,Ehrung_2019,Smart school 2019,02 Erst-Bewerbung Digitale Schule 2020,03 Vorbewertung 2020 erfolgt,01 Digitale Schule Ehrung_2020,00 bearbeitet von Solka",Berufliche Schule,HE,Deutschland,2020-05-27 14:44:37
Erich Kästner Schule Baunatal,Friedrich-Ebert-Allee 33,34225,Baunatal,,"Ehrung_2016,Erstbewerber MINT 2016,Digitale Schule Ehrung 2017,Bewerbung Digitale Schule 2017,Erneute Bewerbung MINT 2019,07 ReZi HF,Ehrung_2019,02 Erneute Bewerbung Digitale Schule 2020,03 Vorbewertung 2020 erfolgt,01 Digitale Schule Ehrung_2020,00 bearbeitet von Solka",Integrierte Gesamtschule,HE,Deutschland,2020-05-29 13:45:46
Reichenberg-Schule Reichelsheim,Beerfurther Str. 24,64385,Reichelsheim,Primarbereich,"Ehrung_2014,Bewerbung MINT 2014,Metropolregion Rhein-Neckar MINT-Region,Ehrung_2017,Erneute Bewerbung MINT 2017,Bewerbung Digitale Schule 2017,Bewerbung Digitale Schule 2018,Digitale Schule Ehrung 2018,Wissensfabrik Partnerschulen 2018,02 Erneute Bewerbung Digitale Schule 2020,02 Erneute Bewerbung MINT-fr. Schule 2020,03 Vorbewertung 2020 erfolgt,01 MINT-fr. Schule Ehrung_2020,01 Digitale Schule Ehrung_2020,00 bearbeitet von Solka",Grundschule,HE,Deutschland,2020-03-17 11:35:49
Alexander-von-Humboldt-Schule Viernheim,Franconvilleplatz,68519,viernheim,,"Erstbewerber MINT 2018,Bewerbung Digitale Schule 2018,Ehrung_2018,02 Erst-Bewerbung Digitale Schule 2020,03 Vorbewertung 2020 erfolgt,01 Digitale Schule Ehrung_2020,00 bearbeitet von Solka",Gesamtschule mit gymnasialer Oberstufe,HE,Deutschland,2020-04-09 15:33:48
Kaufmännische Schulen des Lahn-Dill-Kreises,Herwigstr. 34,35683,Dillenburg,,"02 Erst-Bewerbung Digitale Schule 2020,03 Vorbewertung 2020 erfolgt,01 Digitale Schule Ehrung_2020,00 bearbeitet von Solka",Berufliche Schule,HE,Deutschland,2020-05-26 19:18:24
Gymnasium Osterbek Hamburg,Turnierstieg 24,22179,Hamburg,,"Ehrung_2012,Ehrung_2016,Bewerbung MINT 2012,Digitale Schule Ehrung 2017,Bewerbung Digitale Schule 2017,Erneute Bewerbung MINT 2018,Ehrung_2018,02 Erneute Bewerbung Digitale Schule 2020,02 Erneute Bewerbung MINT-fr. Schule 2020,03 Vorbewertung 2020 erfolgt,01 MINT-fr. Schule Ehrung_2020,01 Digitale Schule Ehrung_2020,00 bearbeitet von Solka",Gymnasium,HH,Deutschland,2020-05-31 21:17:09
School of Life Science Hamburg,Schnackenburgallee 114,22525,Hamburg,,"Ehrung_2012,Ehrung_2015,Ehrung_2016,Bewerbung MINT 2012,Bewerbung MINT 2015,Digitale Schule Ehrung 2017,Erneute Bewerbung MINT 2018,Ehrung_2018,02 Erneute Bewerbung Digitale Schule 2020,03 Vorbewertung 2020 erfolgt,01 Digitale Schule Ehrung_2020,00 bearbeitet von Solka",Berufsfachschule,HH,Deutschland,2018-10-10 11:04:56
Gymnasium Ohmoor Hamburg,Sachsenweg 76,22455,Hamburg,,"Ehrung_2016,Erstbewerber MINT 2016,Digitale Schule Ehrung 2017,Bewerbung Digitale Schule 2017,Wissensfabrik Partnerschulen 2018,Erneute Bewerbung MINT 2019,07 ReZi HF,Ehrung_2019,02 Erneute Bewerbung Digitale Schule 2020,03 Vorbewertung 2020 erfolgt,01 Digitale Schule Ehrung_2020",Gymnasium,HH,Deutschland,2020-05-29 16:12:23
Campus29 Hamburg,Flachsland 29,22083,Hamburg,,"02 Erst-Bewerbung Digitale Schule 2020,03 Vorbewertung 2020 erfolgt,01 Digitale Schule Ehrung_2020,00 bearbeitet von Solka",Fachschule für Sozialpädagogik,HH,Deutschland,2020-07-15 15:23:44
Gymnasium am Wall Verden,Windmühlenstr. 9,27283,Verden,,"Ehrung_2013,Ehrung_2016,Erneute Bewerbung MINT 2016,Bewerbung MINT 2013,Bewerbung Digitale Schule 2019,Erneute Bewerbung MINT 2019,Vorbewertung 2019 erfolgt,07 ReZi HF,Ehrung_2019,keine Digital Ehrung 2019,02 Erst-Bewerbung Digitale Schule 2020,03 Vorbewertung 2020 erfolgt,01 Digitale Schule Ehrung_2020,00 bearbeitet von Solka",Gymnasium,NI,Deutschland,2020-05-29 15:49:03
Oberschule Badenhausen,Am Johannisborn 16,37539,Bad Grund,,"Ehrung_2016,Erstbewerber MINT 2016,Digitale Schule Ehrung 2017,Bewerbung Digitale Schule 2017,Erneute Bewerbung MINT 2019,Vorbewertung 2019 erfolgt,07 ReZi HF,Ehrung_2019,02 Erneute Bewerbung Digitale Schule 2020,03 Vorbewertung 2020 erfolgt,01 Digitale Schule Ehrung_2020,00 bearbeitet von Solka",Oberschule,NI,Deutschland,2020-03-19 19:17:54
Gymnasium Lüneburger Heide Melbeck,Schützenstr. 3,21406,Melbeck,,"Ehrung_2013,Ehrung_2016,Erneute Bewerbung MINT 2016,Bewerbung MINT 2013,Digitale Schule Ehrung 2017,Bewerbung Digitale Schule 2017,Erneute Bewerbung MINT 2019,07 ReZi HF,Ehrung_2019,02 Erneute Bewerbung Digitale Schule 2020,03 Vorbewertung 2020 erfolgt,01 Digitale Schule Ehrung_2020,00 bearbeitet von Solka",Gymnasium,NI,Deutschland,2020-03-23 08:41:30
Georg-von-Langen-Schule BBS Holzminden,Von-Langen-Allee 5,37603,Holzminden,,"Ehrung_2015,Bewerbung MINT 2015,Digitale Schule Ehrung 2017,Bewerbung Digitale Schule 2017,Erneute Bewerbung MINT 2019,07 ReZi HF,Ehrung_2019,02 Erneute Bewerbung Digitale Schule 2020,03 Vorbewertung 2020 erfolgt,01 Digitale Schule Ehrung_2020,00 bearbeitet von Solka",Berufsschule,NI,Deutschland,2020-08-06 11:08:47
Gymnasium an der Willmsstraße Delmenhorst,Willmsstraße 4,27749,Delmenhorst,,"Erstbewerber MINT 2018,Ehrung_2018,02 Erst-Bewerbung Digitale Schule 2020,03 Vorbewertung 2020 erfolgt,01 Digitale Schule Ehrung_2020,00 bearbeitet von Solka",Gymansium,NI,Deutschland,2020-05-12 10:35:06
Grundschule auf dem Süsteresch,"Süsterstraße 12, ",48465,Schüttorf,Primarbereich,"Ehrung_2016,Erstbewerber MINT 2016,Erneute Bewerbung MINT 2019,07 ReZi HF,Ehrung_2019,02 Erst-Bewerbung Digitale Schule 2020,03 Vorbewertung 2020 erfolgt,01 Digitale Schule Ehrung_2020,00 bearbeitet von Solka",Grundschule,NI,Deutschland,2020-05-29 12:04:10
Oberschule Langen Geestland,Nordeschweg 52,27607,Geestland,,"Erstbewerber MINT 2019,Vorbewertung 2019 erfolgt,keine MINT Ehrung 2019,02 Erst-Bewerbung Digitale Schule 2020,03 Vorbewertung 2020 erfolgt,01 Digitale Schule Ehrung_2020,00 bearbeitet von Solka",Oberschule mit gymnasialem Zweig,NI,Deutschland,2020-08-03 06:51:12
Oskar-Schindler-Gesamtschule Hildesheim,Bromberger Straße 36,31141,Hildesheim,,"02 Erst-Bewerbung Digitale Schule 2020,03 Vorbewertung 2020 erfolgt,01 Digitale Schule Ehrung_2020,00 bearbeitet von Solka",Gesamtschule,NI,Deutschland,2020-05-15 11:20:37
"Schule am Osterfehn, Ostrhauderfehn","Hauptstraße, 155",26842,Ostrhauderfehn,,"02 Erst-Bewerbung Digitale Schule 2020,03 Vorbewertung 2020 erfolgt,01 Digitale Schule Ehrung_2020",Haupt- und Realschule,NI,Deutschland,2020-05-25 22:28:12
Schule Am Dobrock - Oberschule Cadenberge,Oberreihe 11,21781,Cadenberge,,"Ehrung_2013,Ehrung_2016,Erneute Bewerbung MINT 2016,Bewerbung MINT 2013,02 Erst-Bewerbung Digitale Schule 2020,03 Vorbewertung 2020 erfolgt,01 Digitale Schule Ehrung_2020,00 bearbeitet von Solka",Oberschule,NI,Deutschland,2020-05-27 07:11:07
Gymnasium am Markt Bünde,Marktstraße 12,32257,Bünde,,"Ehrung_2014,Ehrung_2015,Bewerbung MINT 2014,Ehrung_2017,Erneute Bewerbung MINT 2017,Digitale Schule Ehrung 2017,Bewerbung Digitale Schule 2017,02 Erneute Bewerbung Digitale Schule 2020,02 Erneute Bewerbung MINT-fr. Schule 2020,03 Vorbewertung 2020 erfolgt,01 MINT-fr. Schule Ehrung_2020,01 Digitale Schule Ehrung_2020,00 bearbeitet von Solka",Gymnasium,NW,Deutschland,2020-05-16 19:41:06
Pascal-Gymnasium Grevenbroich,Schwarzer Weg 1,41515,Grevenbroich,,"Ehrung_2011,Ehrung_2014,Bewerbung MINT 2011,Bewerbung MINT 2014,Ehrung_2017,Erneute Bewerbung MINT 2017,Unesco Projektschule,02 Erst-Bewerbung Digitale Schule 2020,02 Erneute Bewerbung MINT-fr. Schule 2020,03 Vorbewertung 2020 erfolgt,01 MINT-fr. Schule Ehrung_2020,01 Digitale Schule Ehrung_2020,00 bearbeitet von Solka",Gymnasium,NW,Deutschland,2020-05-29 17:48:17
Ricarda-Huch-Gymnasium Gelsenkirchen,Schultestraße 50,45888,Gelsenkirchen,,"Ehrung_2011,Ehrung_2014,Bewerbung MINT 2011,Bewerbung MINT 2014,Ehrung_2017,Erneute Bewerbung MINT 2017,Unesco Projektschule,02 Erst-Bewerbung Digitale Schule 2020,02 Erneute Bewerbung MINT-fr. Schule 2020,03 Vorbewertung 2020 erfolgt,01 MINT-fr. Schule Ehrung_2020,01 Digitale Schule Ehrung_2020,00 bearbeitet von Solka",Gymnasium,NW,Deutschland,2020-05-31 20:33:13
Hans-Böckler Berufskolleg Marl,Hagenstr.15,45768,Marl,,"Ehrung_2012,Ehrung_2015,Bewerbung MINT 2012,Bewerbung MINT 2015,Digitale Schule Ehrung 2017,Bewerbung Digitale Schule 2017,Erneute Bewerbung MINT 2018,Bewerbung Digitale Schule 2018,Ehrung_2018,02 Erneute Bewerbung Digitale Schule 2020,03 Vorbewertung 2020 erfolgt,01 Digitale Schule Ehrung_2020,00 bearbeitet von Solka",Berufskolleg,NW,Deutschland,2018-06-13 12:22:06
Gesamtschule Hüllhorst,Osterstraße 7,32609,Hüllhorst,,"Ehrung_2013,Ehrung_2016,Erneute Bewerbung MINT 2016,Bewerbung MINT 2013,Digitale Schule Ehrung 2017,Bewerbung Digitale Schule 2017,Erneute Bewerbung MINT 2019,07 ReZi HF,Ehrung_2019,02 Erneute Bewerbung Digitale Schule 2020,03 Vorbewertung 2020 erfolgt,01 Digitale Schule Ehrung_2020,00 bearbeitet von Solka",Gesamtschule,NW,Deutschland,2019-05-31 18:35:26
Gesamtschule Mittelkreis Goch,Südring 28,47574,Goch,,"Ehrung_2013,Bewerbung MINT 2013,Ehrung_2017,Erneute Bewerbung MINT 2017,02 Erst-Bewerbung Digitale Schule 2020,02 Erneute Bewerbung MINT-fr. Schule 2020,03 Vorbewertung 2020 erfolgt,01 MINT-fr. Schule Ehrung_2020,01 Digitale Schule Ehrung_2020,00 bearbeitet von Solka",Gesamtschule,NW,Deutschland,2020-06-10 16:48:52
Marienschule Krefeld,Hubertusstraße 120,47798,Krefeld,,"Ehrung_2013,Ehrung_2016,Erneute Bewerbung MINT 2016,Bewerbung MINT 2013,Digitale Schule Ehrung 2017,Bewerbung Digitale Schule 2017,Erneute Bewerbung MINT 2019,Vorbewertung 2019 erfolgt,07 ReZi HF,Ehrung_2019,02 Erneute Bewerbung Digitale Schule 2020,03 Vorbewertung 2020 erfolgt,01 Digitale Schule Ehrung_2020,00 bearbeitet von Solka",Gymnasium,NW,Deutschland,2019-05-22 22:49:22
Clemens-Brentano-Gymnasium Dülmen,An der Kreuzkirche 7,48249,Dülmen,,"Ehrung_2014,Bewerbung MINT 2014,Ehrung_2017,Erneute Bewerbung MINT 2017,Digitale Schule Ehrung 2017,Bewerbung Digitale Schule 2017,02 Erneute Bewerbung Digitale Schule 2020,02 Erneute Bewerbung MINT-fr. Schule 2020,03 Vorbewertung 2020 erfolgt,01 MINT-fr. Schule Ehrung_2020,01 Digitale Schule Ehrung_2020,00 bearbeitet von Solka",Gymnasium,NW,Deutschland,2020-05-28 14:35:17
Gesamtschule Kierspe,Otto-Ruhe-Straße 2-4,58566,Kierspe,,"Ehrung_2014,Bewerbung MINT 2014,Ehrung_2017,Erneute Bewerbung MINT 2017,Digitale Schule Ehrung 2017,Bewerbung Digitale Schule 2017,02 Erneute Bewerbung Digitale Schule 2020,02 Erneute Bewerbung MINT-fr. Schule 2020,03 Vorbewertung 2020 erfolgt,01 MINT-fr. Schule Ehrung_2020,01 Digitale Schule Ehrung_2020,00 bearbeitet von Solka",Gesamtschule,NW,Deutschland,2020-05-29 10:45:42
Schulen der Brede Brakel,Bredenweg 7,33034,Brakel,,"Ehrung_2014,MINT-EC,Bewerbung MINT 2014,Ehrung_2017,Erneute Bewerbung MINT 2017,02 Erst-Bewerbung Digitale Schule 2020,02 Erneute Bewerbung MINT-fr. Schule 2020,03 Vorbewertung 2020 erfolgt,01 MINT-fr. Schule Ehrung_2020,01 Digitale Schule Ehrung_2020,00 bearbeitet von Solka","Bündelschule (Gymnasium, Realschule, Berufskolleg)",NW,Deutschland,2020-05-04 10:45:52
Carl-Humann-Gymnasium Essen,Laurentiusweg 20,45276,Essen,,"Ehrung_2014,Bewerbung MINT 2014,Ehrung_2017,Erneute Bewerbung MINT 2017,02 Erst-Bewerbung Digitale Schule 2020,02 Erneute Bewerbung MINT-fr. Schule 2020,03 Vorbewertung 2020 erfolgt,01 MINT-fr. Schule Ehrung_2020,01 Digitale Schule Ehrung_2020",Gymnasium,NW,Deutschland,2018-01-05 14:45:16
Städtisches Gymnasium Barntrup,Große Twete 5,32683,Barntrup,,"Ehrung_2014,Bewerbung MINT 2014,Ehrung_2017,Erneute Bewerbung MINT 2017,Bewerbung Digitale Schule 2018,Digitale Schule Ehrung 2018,02 Erneute Bewerbung Digitale Schule 2020,02 Erneute Bewerbung MINT-fr. Schule 2020,03 Vorbewertung 2020 erfolgt,01 MINT-fr. Schule Ehrung_2020,01 Digitale Schule Ehrung_2020,00 bearbeitet von Solka",Gymnasium,NW,Deutschland,2020-05-31 23:53:24
Städtische Sekundarschule Petershagen,"Bultweg, 23",32469,Petershagen,,"Ehrung_2015,Bewerbung MINT 2015,Digitale Schule Ehrung 2017,Bewerbung Digitale Schule 2017,Erneute Bewerbung MINT 2019,07 ReZi HF,Ehrung_2019,02 Erneute Bewerbung Digitale Schule 2020,03 Vorbewertung 2020 erfolgt,01 Digitale Schule Ehrung_2020,00 bearbeitet von Solka",Sekundarschule,NW,Deutschland,2020-05-27 10:41:06
Goerdeler-Gymnasium Paderborn,Goerdelerstr. 35,33102,Paderborn,,"Ehrung_2015,MINT-EC,Bewerbung MINT 2015,Erneute Bewerbung MINT 2019,Vorbewertung 2019 erfolgt,07 ReZi HF,Ehrung_2019,02 Erst-Bewerbung Digitale Schule 2020,03 Vorbewertung 2020 erfolgt,01 Digitale Schule Ehrung_2020,00 bearbeitet von Solka",Gymnasium,NW,Deutschland,2020-05-25 13:58:04
Clara-Fey-Schule Schleiden,Malmedyer Straße 2,53937,Schleiden,,"Ehrung_2015,Bewerbung MINT 2015,Digitale Schule Ehrung 2017,Bewerbung Digitale Schule 2017,Erneute Bewerbung MINT 2018,Ehrung_2018,02 Erneute Bewerbung Digitale Schule 2020,03 Vorbewertung 2020 erfolgt,01 Digitale Schule Ehrung_2020,00 bearbeitet von Solka",Gymnasium und Realschule,NW,Deutschland,2020-04-30 11:27:27
Gymnasium Norf Neuss,Eichenallee 8,41469,Neuss,,"Ehrung_2015,Bewerbung MINT 2015,Digitale Schule Ehrung 2017,Bewerbung Digitale Schule 2017,Erneute Bewerbung MINT 2018,Ehrung_2018,02 Erneute Bewerbung Digitale Schule 2020,03 Vorbewertung 2020 erfolgt,01 Digitale Schule Ehrung_2020,00 bearbeitet von Solka",Gymnasium,NW,Deutschland,2020-05-26 11:04:09
Gymnasium der Stadt Rahden,Freiherr-vom-Stein-Str. 5,32369,Rahden,,"Ehrung_2016,Erstbewerber MINT 2016,Erneute Bewerbung MINT 2019,07 ReZi HF,Ehrung_2019,02 Erst-Bewerbung Digitale Schule 2020,03 Vorbewertung 2020 erfolgt,01 Digitale Schule Ehrung_2020,00 bearbeitet von Solka",Gymnasium,NW,Deutschland,2019-05-27 12:28:24
Gymnasium der Stadt Würselen,Klosterstraße 74,52146,Würselen,,"Ehrung_2016,Erstbewerber MINT 2016,Digitale Schule Ehrung 2017,Bewerbung Digitale Schule 2017,Smart School 2018,Erneute Bewerbung MINT 2019,07 ReZi HF,Ehrung_2019,02 Erneute Bewerbung Digitale Schule 2020,03 Vorbewertung 2020 erfolgt,01 Digitale Schule Ehrung_2020,00 bearbeitet von Solka",Gymnasium,NW,Deutschland,2020-05-31 12:20:30
Paul-Spiegel-Berufskolleg Dorsten,Halternerstaße 15,46284,Dorsten,,"Ehrung_2017,Erstbewerber MINT 2017,Digitale Schule Ehrung 2017,02 Erneute Bewerbung Digitale Schule 2020,02 Erneute Bewerbung MINT-fr. Schule 2020,03 Vorbewertung 2020 erfolgt,01 MINT-fr. Schule Ehrung_2020,01 Digitale Schule Ehrung_2020,00 bearbeitet von Solka",Berufskolleg,NW,Deutschland,2020-05-05 13:43:58
Gymnasium am Stadtpark Uerdingen (Krefeld),Nikolaus-Groß-Straße 31,47829,Krefeld,,"Ehrung_2016,MINT-EC,Erstbewerber MINT 2016,Digitale Schule Ehrung 2017,Bewerbung Digitale Schule 2017,Erneute Bewerbung MINT 2019,07 ReZi HF,Ehrung_2019,02 Erneute Bewerbung Digitale Schule 2020,03 Vorbewertung 2020 erfolgt,01 Digitale Schule Ehrung_2020,00 bearbeitet von Solka",Gymnasium,NW,Deutschland,2020-08-01 11:30:15
Freie Christliche Gesamtschule Düsseldorf,Fürstenberger Straße 10,40599,Düsseldorf,,"Smart school 2019,02 Erst-Bewerbung Digitale Schule 2020,03 Vorbewertung 2020 erfolgt,01 Digitale Schule Ehrung_2020,00 bearbeitet von Solka",Gesamtschule,NW,Deutschland,2020-05-29 11:50:19
Hittorf-Gymnasium Recklinghausen,Kemnastraße 38,45657,Recklinghausen,,"Ehrung_2017,Erstbewerber MINT 2017,02 Erst-Bewerbung Digitale Schule 2020,02 Erneute Bewerbung MINT-fr. Schule 2020,03 Vorbewertung 2020 erfolgt,01 MINT-fr. Schule Ehrung_2020,01 Digitale Schule Ehrung_2020,00 bearbeitet von Solka",Gymnasium,NW,Deutschland,2020-08-06 13:23:11
Bodelschwingh-Gymnasium Herchen,Bodelschwinghstr. 2,51570,Windeck-Herchen,,"Ehrung_2017,Rhein-Sieg-Kreis,Erstbewerber MINT 2017,Import 21.4.17,02 Erst-Bewerbung Digitale Schule 2020,02 Erneute Bewerbung MINT-fr. Schule 2020,03 Vorbewertung 2020 erfolgt,01 MINT-fr. Schule Ehrung_2020,01 Digitale Schule Ehrung_2020,00 bearbeitet von Solka",Gymnasium,NW,Deutschland,2020-07-23 10:58:06
Rhein-Sieg-Gymnasium St. Augustin,Hubert-Minz-Straße 20,53757,Sankt Augustin,,"Erstbewerber MINT 2018,Ehrung_2018,02 Erst-Bewerbung Digitale Schule 2020,03 Vorbewertung 2020 erfolgt,01 Digitale Schule Ehrung_2020,00 bearbeitet von Solka",Gymnasium,NW,Deutschland,2020-08-06 14:26:42
Riesener-Gymnasium Gladbeck,Schützenstr.23,45964,Gladbeck,,"Erstbewerber MINT 2018,Bewerbung Digitale Schule 2018,Ehrung_2018,02 Erst-Bewerbung Digitale Schule 2020,03 Vorbewertung 2020 erfolgt,01 Digitale Schule Ehrung_2020,00 bearbeitet von Solka",Gymnasium,NW,Deutschland,2020-05-28 15:43:12
Norbert-Gymnasium Knechtsteden Dormagen,Knechtsteden 17,41540,Dormagen,,"Ehrung_2017,Erstbewerber MINT 2017,02 Erst-Bewerbung Digitale Schule 2020,02 Erneute Bewerbung MINT-fr. Schule 2020,03 Vorbewertung 2020 erfolgt,01 MINT-fr. Schule Ehrung_2020,01 Digitale Schule Ehrung_2020,00 bearbeitet von Solka",Gymnasium,NW,Deutschland,2020-08-06 16:15:21
Leibniz-Gymnasium Essen,Stankeitstr. 22,45326,Essen,,"Ehrung_2013,Ehrung_2016,Erneute Bewerbung MINT 2016,Bewerbung MINT 2013,Digitale Schule Ehrung 2017,Bewerbung Digitale Schule 2017,Wissensfabrik Partnerschulen 2018,Erneute Bewerbung MINT 2019,07 ReZi HF,Ehrung_2019,02 Erneute Bewerbung Digitale Schule 2020,03 Vorbewertung 2020 erfolgt,01 Digitale Schule Ehrung_2020,00 bearbeitet von Solka",Gymnasium,NW,Deutschland,2019-07-12 09:50:19
Sophie-Scholl-Gymnasium Oberhausen,Tirpitzstraße 41,46145,Oberhausen,,"Erstbewerber MINT 2019,Vorbewertung 2019 erfolgt,Ehrung_2019,02 Erst-Bewerbung Digitale Schule 2020,03 Vorbewertung 2020 erfolgt,01 Digitale Schule Ehrung_2020,00 bearbeitet von Solka",Gymnasium,NW,Deutschland,2020-05-26 15:40:08
Franz-Haniel-Gymnasium Duisburg,Wilhelmstraße 25,47198,Duisburg,,"Erstbewerber MINT 2019,Vorbewertung 2019 erfolgt,Ehrung_2019,02 Erst-Bewerbung Digitale Schule 2020,03 Vorbewertung 2020 erfolgt,01 Digitale Schule Ehrung_2020,00 bearbeitet von Solka",Gymnasium,NW,Deutschland,2020-05-26 08:44:54
Marianne-Weber-Gymnasium Lemgo,Franz-Liszt-Straße 34,32657,Lemgo,,"Ehrung_2016,Erstbewerber MINT 2016,Erneute Bewerbung MINT 2019,07 ReZi HF,Ehrung_2019,02 Erst-Bewerbung Digitale Schule 2020,03 Vorbewertung 2020 erfolgt,01 Digitale Schule Ehrung_2020,00 bearbeitet von Solka",Gymnasium,NW,Deutschland,2020-05-30 18:18:13
Ratsgymnasium Minden,"Königswall, 28",32423,Minden,,"Erstbewerber MINT 2019,Vorbewertung 2019 erfolgt,Ehrung_2019,02 Erst-Bewerbung Digitale Schule 2020,03 Vorbewertung 2020 erfolgt,01 Digitale Schule Ehrung_2020,00 bearbeitet von Solka",Gymnasium,NW,Deutschland,2019-05-27 21:50:13
Erzbischöfliche Ursulinenschule Hersel,Rheinstraße 182,53332,Bornheim-Hersel,,"Bewerbung Digitale Schule 2019,Erstbewerber MINT 2019,Vorbewertung 2019 erfolgt,Ehrung_2019,keine Digital Ehrung 2019,02 Erst-Bewerbung Digitale Schule 2020,03 Vorbewertung 2020 erfolgt,01 Digitale Schule Ehrung_2020,00 bearbeitet von Solka",Gymnasium,NW,Deutschland,2020-05-29 17:13:54
St. Ursula Gymnasium Aachen,Bergdriesch 32-36,52062,Aachen,,"Wissensfabrik Partnerschulen 2018,Bewerbung Digitale Schule 2019,Vorbewertung 2019 erfolgt,keine Digital Ehrung 2019,01 Digitale Schule Ehrung_2020",Gymnasium,NW,Deutschland,2020-05-22 11:03:15
Grafschafter Gymnasium Moers,Bankstr. 20,47441,Moers,,"Erstbewerber MINT 2019,Vorbewertung 2019 erfolgt,Ehrung_2019,02 Erst-Bewerbung Digitale Schule 2020,03 Vorbewertung 2020 erfolgt,01 Digitale Schule Ehrung_2020,00 bearbeitet von Solka",Gymnasium,NW,Deutschland,2019-05-29 12:29:58
Europaschule Ostendorf-Gymnasium Lippstadt,Cappeltor 5,59555,Lippstadt,,"Erstbewerber MINT 2019,Vorbewertung 2019 erfolgt,Ehrung_2019,02 Erst-Bewerbung Digitale Schule 2020,03 Vorbewertung 2020 erfolgt,01 Digitale Schule Ehrung_2020,00 bearbeitet von Solka",Gymnasium,NW,Deutschland,2020-08-06 13:35:07
Wolfhelmschule Olfen,Telgenkamp9,59399,Olfen,,"Erstbewerber MINT 2019,Vorbewertung 2019 erfolgt,Ehrung_2019,02 Erst-Bewerbung Digitale Schule 2020,03 Vorbewertung 2020 erfolgt,01 Digitale Schule Ehrung_2020,00 bearbeitet von Solka",Gesamtschule,NW,Deutschland,2020-05-25 19:46:21
Städtisches Gymnasium Sundern,Berliner Str. 55,59846,Sundern,,"02 Erst-Bewerbung Digitale Schule 2020,03 Vorbewertung 2020 erfolgt,01 Digitale Schule Ehrung_2020,00 bearbeitet von Solka",Gymnasium,NW,Deutschland,2020-03-09 14:48:57
Dietrich-Bonhoeffer-Gymnasium Bergisch Gladbach,Am Rübezahlwald 5,51469,Bergisch Gladbach,,"Ehrung_2017,Erstbewerber MINT 2017,02 Erst-Bewerbung Digitale Schule 2020,02 Erneute Bewerbung MINT-fr. Schule 2020,03 Vorbewertung 2020 erfolgt,01 MINT-fr. Schule Ehrung_2020,01 Digitale Schule Ehrung_2020,00 bearbeitet von Solka",Gymnasium,NW,Deutschland,2020-05-28 11:20:46
Berufskolleg Hückeswagen,Goethestraße 83,42499,Hückeswagen,,"Smart school 2019,02 Erst-Bewerbung Digitale Schule 2020,03 Vorbewertung 2020 erfolgt,01 Digitale Schule Ehrung_2020,00 bearbeitet von Solka",Berufskolleg,NW,Deutschland,2020-04-21 12:24:11
Gymnaisum Antonianum Geseke,Wichburgastraße 1,59590,Geseke,,"Ehrung_2012,Ehrung_2015,Bewerbung MINT 2012,Bewerbung MINT 2015,Digitale Schule Ehrung 2017,Bewerbung Digitale Schule 2017,Erneute Bewerbung MINT 2018,Ehrung_2018,02 Erneute Bewerbung Digitale Schule 2020,03 Vorbewertung 2020 erfolgt,01 Digitale Schule Ehrung_2020,00 bearbeitet von Solka",Gymnasium,NW,Deutschland,2020-04-21 12:47:01
Gymnasium Am Geroweiher Mönchengladbach,Balderichstr. 8,41061,Mönchengladbach,,"Ehrung_2011,Ehrung_2012,Ehrung_2015,Bewerbung MINT 2011,Bewerbung MINT 2015,Digitale Schule Ehrung 2017,Bewerbung Digitale Schule 2017,Wissensfabrik Partnerschulen 2018,Erneute Bewerbung MINT 2019,Vorbewertung 2019 erfolgt,07 ReZi HF,Ehrung_2019,02 Erneute Bewerbung Digitale Schule 2020,03 Vorbewertung 2020 erfolgt,01 Digitale Schule Ehrung_2020,00 bearbeitet von Solka",Gymnasium,NW,Deutschland,2020-05-31 12:57:15
Konrad-Heresbach-Gymnasium Mettmann,Laubacherstraße 13,40822,Mettmann,,"02 Erst-Bewerbung Digitale Schule 2020,03 Vorbewertung 2020 erfolgt,01 Digitale Schule Ehrung_2020,00 bearbeitet von Solka",Gymnasium,NW,Deutschland,2020-05-31 21:04:04
Anne-Frank-Gymnasium Werne,Goetheweg 12,59368,Werne,,"02 Erst-Bewerbung Digitale Schule 2020,02 Erst-Bewerbung MINT-fr. Schule 2020,03 Vorbewertung 2020 erfolgt,01 MINT-fr. Schule Ehrung_2020,01 Digitale Schule Ehrung_2020,00 bearbeitet von Solka,03 Vorbewertungen beide (MS und DS) erfolgt 2020",Gymnasium,NW,Deutschland,2020-05-30 10:32:39
Bergstadt-Gymnasium Lüdenscheid,Saarlandstr. 5,58511,Lüdenscheid,,"02 Erst-Bewerbung Digitale Schule 2020,02 Erst-Bewerbung MINT-fr. Schule 2020,03 Vorbewertung 2020 erfolgt,01 MINT-fr. Schule Ehrung_2020,01 Digitale Schule Ehrung_2020,00 bearbeitet von Solka,03 Vorbewertungen beide (MS und DS) erfolgt 2020",Gymnasium,NW,Deutschland,2020-05-20 15:12:08
Gymnasium Herkenrath,St. Antonius Straße 17,51429,Bergisch Gladbach,,"02 Erst-Bewerbung Digitale Schule 2020,02 Erst-Bewerbung MINT-fr. Schule 2020,03 Vorbewertung 2020 erfolgt,01 MINT-fr. Schule Ehrung_2020,01 Digitale Schule Ehrung_2020,00 bearbeitet von Solka,03 Vorbewertungen beide (MS und DS) erfolgt 2020",Gymnasium,NW,Deutschland,2020-06-10 10:18:12
HANSE-Berufskolleg des Kreises Lippe in Lemgo,Johannes-Schuchen-Straße 5,32657,Lemgo,,"02 Erst-Bewerbung Digitale Schule 2020,03 Vorbewertung 2020 erfolgt,01 Digitale Schule Ehrung_2020,00 bearbeitet von Solka",Berufskolleg,NW,Deutschland,2020-05-28 11:27:42
Europaschule Nordhorn,Knappeg 9,33332,Gütersloh,Primarbereich,"02 Erst-Bewerbung Digitale Schule 2020,03 Vorbewertung 2020 erfolgt,01 Digitale Schule Ehrung_2020,00 bearbeitet von Solka",Grundschule,NW,Deutschland,2020-05-28 12:55:38
Otto-Hahn-Gymnasium Herne,Hölkeskampring 168,44625,Herne,,"02 Erst-Bewerbung Digitale Schule 2020,03 Vorbewertung 2020 erfolgt,01 Digitale Schule Ehrung_2020,00 bearbeitet von Solka",Städtisches Gymnasium,NW,Deutschland,2020-08-10 08:48:56
Städtische Gesamtschule Oelde,Bultstraße 20,59302,Oelde,,"02 Erst-Bewerbung Digitale Schule 2020,02 Erst-Bewerbung MINT-fr. Schule 2020,03 Vorbewertung 2020 erfolgt,01 MINT-fr. Schule Ehrung_2020,01 Digitale Schule Ehrung_2020,00 bearbeitet von Solka,03 Vorbewertungen beide (MS und DS) erfolgt 2020",Gesamtschule,NW,Deutschland,2020-05-29 09:11:13
König-Wilhelm-Gymnasium Höxter,Im Flor 11,37671,Höxter,,"02 Erst-Bewerbung Digitale Schule 2020,02 Erst-Bewerbung MINT-fr. Schule 2020,03 Vorbewertung 2020 erfolgt,01 MINT-fr. Schule Ehrung_2020,01 Digitale Schule Ehrung_2020,00 bearbeitet von Solka,03 Vorbewertungen beide (MS und DS) erfolgt 2020",Gymnasium,NW,Deutschland,2020-06-15 14:57:50
Mons-Tabor-Gymnasium Montabaur,Von-Bodelschwingh-Straße 35,56410,Montabaur,,"Ehrung_2012,Ehrung_2015,Bewerbung MINT 2012,Bewerbung MINT 2015,Erneute Bewerbung MINT 2019,07 ReZi HF,Ehrung_2019,02 Erst-Bewerbung Digitale Schule 2020,03 Vorbewertung 2020 erfolgt,01 Digitale Schule Ehrung_2020,00 bearbeitet von Solka",Gymnasium,RP,Deutschland,2019-08-05 22:44:52
Balthasar-Neumann-Technikum Trier,Paulinstraße 105,54292,Trier,,"Ehrung_2012,Ehrung_2015,Bewerbung MINT 2012,Bewerbung MINT 2015,Digitale Schule Ehrung 2017,Bewerbung Digitale Schule 2017,Smart School 2018,Erneute Bewerbung MINT 2018,Ehrung_2018,02 Erneute Bewerbung Digitale Schule 2020,02 Erneute Bewerbung MINT-fr. Schule 2020,03 Vorbewertung 2020 erfolgt,01 MINT-fr. Schule Ehrung_2020,01 Digitale Schule Ehrung_2020,00 bearbeitet von Solka",Berufsschule,RP,Deutschland,2020-05-23 14:37:21
Gymnasium Mainz-Oberstadt,Hechtsheimer Straße 29,55131,Mainz,,"Ehrung_2016,Erstbewerber MINT 2016,Digitale Schule Ehrung 2017,Erneute Bewerbung MINT 2019,07 ReZi HF,Ehrung_2019,02 Erneute Bewerbung Digitale Schule 2020,03 Vorbewertung 2020 erfolgt,01 Digitale Schule Ehrung_2020,00 bearbeitet von Solka",Gymnasium,RP,Deutschland,2020-05-30 19:46:22
Eduard Spranger Gymnasium Landau in der Pfalz,Schneiderstr. 71,76829,Landau,,"Ehrung_2016,Erstbewerber MINT 2016,Metropolregion Rhein-Neckar MINT-Region,Digitale Schule Ehrung 2017,Bewerbung Digitale Schule 2017,Erneute Bewerbung MINT 2019,07 ReZi HF,Ehrung_2019,02 Erneute Bewerbung Digitale Schule 2020,03 Vorbewertung 2020 erfolgt,01 Digitale Schule Ehrung_2020,00 bearbeitet von Solka",Gymnasium,RP,Deutschland,2020-05-26 12:50:17
IGS Betzdorf-Kirchen/Geschwister Scholl,Kirchener Strasse 64,57518,Betzdorf,,"Ehrung_2014,Bewerbung MINT 2014,Ehrung_2017,Erneute Bewerbung MINT 2017,Digitale Schule Ehrung 2017,Bewerbung Digitale Schule 2017,Erneute Bewerbung MINT 2019,Vorbewertung 2019 erfolgt,07 ReZi HF,Ehrung_2019,02 Erst-Bewerbung Digitale Schule 2020,02 Erneute Bewerbung MINT-fr. Schule 2020,03 Vorbewertung 2020 erfolgt,01 MINT-fr. Schule Ehrung_2020,01 Digitale Schule Ehrung_2020,00 bearbeitet von Solka",Integrierte Gesamtschule,RP,Deutschland,2020-07-30 12:03:54
St.-Katharina-Realschule Landstuhl,"Luitpoldstr., 28",66849,Landstuhl,,"Ehrung_2015,Bewerbung MINT 2015,Metropolregion Rhein-Neckar MINT-Region,Ehrung_2017,Erneute Bewerbung MINT 2017,Bewerbung Digitale Schule 2018,Bewerbung Digitale Schule 2019,keine Digital Ehrung 2019,02 Erst-Bewerbung Digitale Schule 2020,02 Erneute Bewerbung MINT-fr. Schule 2020,03 Vorbewertung 2020 erfolgt,01 MINT-fr. Schule Ehrung_2020,01 Digitale Schule Ehrung_2020,00 bearbeitet von Solka",Realschule (kirchlicher Träger),RP,Deutschland,2020-05-31 22:29:59
Bischöfliches Willigis-Gymnasium Mainz,Willigisplatz 2,55116,Mainz,,"02 Erst-Bewerbung Digitale Schule 2020,03 Vorbewertung 2020 erfolgt,01 Digitale Schule Ehrung_2020,00 bearbeitet von Solka",Gymnasium,RP,Deutschland,2020-05-29 10:33:23
Elisabeth-Langgässer-Gymnasium Alzey,Frankenstraße 17,55232,Alzey,,"02 Erst-Bewerbung Digitale Schule 2020,03 Vorbewertung 2020 erfolgt,01 Digitale Schule Ehrung_2020,00 bearbeitet von Solka",Gymnasium,RP,Deutschland,2020-05-29 10:07:55
Graf Salentin Grund- und Realschule plus Jünkerath,Schulstr. 18-22,54584,Jünkerath,,"Erstbewerber MINT 2019,Vorbewertung 2019 erfolgt,Ehrung_2019,02 Erst-Bewerbung Digitale Schule 2020,03 Vorbewertung 2020 erfolgt,01 Digitale Schule Ehrung_2020,00 bearbeitet von Solka",Grund- und Realschule plus,RP,Deutschland,2020-05-29 07:57:03
Integrierte Gesamtschule Thaleischweiler-Fröschen,Schulstraße 2,66987,Thaleischweiler-Fröschen,,"Ehrung_2013,Ehrung_2016,Erneute Bewerbung MINT 2016,Bewerbung MINT 2013,Metropolregion Rhein-Neckar MINT-Region,Digitale Schule Ehrung 2017,Erneute Bewerbung MINT 2019,07 ReZi HF,Ehrung_2019,02 Erneute Bewerbung Digitale Schule 2020,03 Vorbewertung 2020 erfolgt,01 Digitale Schule Ehrung_2020,00 bearbeitet von Solka",Integrierte Gesamtschule,RP,Deutschland,2020-05-28 11:04:26
Otto-Hahn-Gymnasium Landau,Westring 11,76829,Landau Pfalz,,"Ehrung_2016,Erstbewerber MINT 2016,Metropolregion Rhein-Neckar MINT-Region,Digitale Schule Ehrung 2017,Bewerbung Digitale Schule 2017,Erneute Bewerbung MINT 2019,07 ReZi HF,Ehrung_2019,02 Erneute Bewerbung Digitale Schule 2020,03 Vorbewertung 2020 erfolgt,01 Digitale Schule Ehrung_2020,00 bearbeitet von Solka",Gymnasium,RP,Deutschland,2020-06-02 10:21:13
Clemens-Beck-Grundschule Dudenhofen,Iggelheimer Str. 33,67373,Dudenhofen,Primarbereich,"Ehrung_2016,Erstbewerber MINT 2016,Metropolregion Rhein-Neckar MINT-Region,Digitale Schule Ehrung 2017,Bewerbung Digitale Schule 2017,Wissensfabrik Partnerschulen 2018,Erneute Bewerbung MINT 2019,07 ReZi HF,Ehrung_2019,02 Erneute Bewerbung Digitale Schule 2020,03 Vorbewertung 2020 erfolgt,01 Digitale Schule Ehrung_2020,00 bearbeitet von Solka",Grundschule,RP,Deutschland,2020-05-08 21:22:26
Kant-Gymnasium Boppard,Mainzer Straße 24,56154,Boppard,,"Ehrung_2016,Erstbewerber MINT 2016,Digitale Schule Ehrung 2017,Bewerbung Digitale Schule 2017,Erneute Bewerbung MINT 2019,07 ReZi HF,Ehrung_2019,02 Erneute Bewerbung Digitale Schule 2020,03 Vorbewertung 2020 erfolgt,01 Digitale Schule Ehrung_2020,00 bearbeitet von Solka",Gymnasium,RP,Deutschland,2020-04-30 21:15:49
St.-Franziskus-Gymnasium und -Realschule Kaiserslautern,St.-Franziskus-Straße 2,67655,Kaiserslautern,,"Ehrung_2013,Ehrung_2016,Erneute Bewerbung MINT 2016,Bewerbung MINT 2013,Metropolregion Rhein-Neckar MINT-Region,Erneute Bewerbung MINT 2018,Ehrung_2018,02 Erst-Bewerbung Digitale Schule 2020,03 Vorbewertung 2020 erfolgt,01 Digitale Schule Ehrung_2020,00 bearbeitet von Solka",Gymnasium und Realschule,RP,Deutschland,2020-05-27 16:12:35
Hans-Purrmann-Gymnasium Speyer,Otto-Mayer-Straße 3,67346,Speyer,,"Ehrung_2013,Ehrung_2016,Erneute Bewerbung MINT 2016,Metropolregion Rhein-Neckar MINT-Region,Digitale Schule Ehrung 2017,Bewerbung Digitale Schule 2017,Erneute Bewerbung MINT 2019,Vorbewertung 2019 erfolgt,07 ReZi HF,Ehrung_2019,02 Erneute Bewerbung Digitale Schule 2020,03 Vorbewertung 2020 erfolgt,01 Digitale Schule Ehrung_2020,00 bearbeitet von Solka",Gymnasium,RP,Deutschland,2020-07-31 14:03:43
Raiffeisen-Campus Dernbach,Burgweg 21 - 23,56428,Dernbach,,"02 Erst-Bewerbung Digitale Schule 2020,03 Vorbewertung 2020 erfolgt,01 Digitale Schule Ehrung_2020,00 bearbeitet von Solka",Gymnasium,RP,Deutschland,2020-05-29 11:34:36
Rheingrafen-Realschule plus und FOS Wörrstadt,Pestalozzistr. 16,55286,Wörrstadt,,"02 Erst-Bewerbung Digitale Schule 2020,03 Vorbewertung 2020 erfolgt,01 Digitale Schule Ehrung_2020,00 bearbeitet von Solka",Realschule plus und FOS,RP,Deutschland,2020-05-29 14:54:12
Lina-Sommer-Grundschule Jockgrim,Schelmenwaldstraße 3,76751,Jockgrim,Primarbereich,"Wissensfabrik Partnerschulen 2018,02 Erst-Bewerbung Digitale Schule 2020,03 Vorbewertung 2020 erfolgt,01 Digitale Schule Ehrung_2020,00 bearbeitet von Solka",Grundschule,RP,Deutschland,2020-06-05 18:16:09
Theodor-Litt-Schule Neumünster,Parkstraße 12-18,24534,Neumünster,,"Ehrung_2017,Erstbewerber MINT 2017,Bewerbung Digitale Schule 2018,Digitale Schule Ehrung 2018,Smart school 2019,02 Erneute Bewerbung Digitale Schule 2020,02 Erneute Bewerbung MINT-fr. Schule 2020,03 Vorbewertung 2020 erfolgt,01 MINT-fr. Schule Ehrung_2020,01 Digitale Schule Ehrung_2020,00 bearbeitet von Solka",Berufsbildende Schule,SH,Deutschland,2020-05-25 13:09:26
RBZ Technik Kiel,Geschwister-Scholl-Str. 9,24143,Kiel,,"02 Erst-Bewerbung Digitale Schule 2020,03 Vorbewertung 2020 erfolgt,01 Digitale Schule Ehrung_2020,00 bearbeitet von Solka",Berufliche Schule,SH,Deutschland,2020-05-27 15:47:29
Johannes-Kepler-Gymnasium Lebach,Dillinger Str. 67,66822,Lebach,,"Ehrung_2013,Ehrung_2016,Erneute Bewerbung MINT 2016,Bewerbung MINT 2013,Digitale Schule Ehrung 2017,Bewerbung Digitale Schule 2017,Erneute Bewerbung MINT 2018,Ehrung_2018,Wissensfabrik Partnerschulen 2018,02 Erneute Bewerbung Digitale Schule 2020,03 Vorbewertung 2020 erfolgt,01 Digitale Schule Ehrung_2020,00 bearbeitet von Solka",Gymnasium,SL,Deutschland,2020-05-28 13:05:18
Gymnasium Wendalinum St. Wendel,Schorlemerstraße 28,66606,St. Wendel,,"Ehrung_2014,MINT-EC,Bewerbung MINT 2014,Ehrung_2017,Erneute Bewerbung MINT 2017,Digitale Schule Ehrung 2017,Bewerbung Digitale Schule 2017,Smart School 2018,02 Erneute Bewerbung Digitale Schule 2020,02 Erneute Bewerbung MINT-fr. Schule 2020,03 Vorbewertung 2020 erfolgt,01 MINT-fr. Schule Ehrung_2020,01 Digitale Schule Ehrung_2020,00 bearbeitet von Solka",Gymnasium,SL,Deutschland,2020-06-22 15:40:34
Albertus-Magnus-Realschule Sankt Ingbert,"Auf der Meß, 16",66386,Sankt Ingbert,,"Ehrung_2015,Bewerbung MINT 2015,Digitale Schule Ehrung 2017,Bewerbung Digitale Schule 2017,Erneute Bewerbung MINT 2019,07 ReZi HF,Ehrung_2019,02 Erneute Bewerbung Digitale Schule 2020,03 Vorbewertung 2020 erfolgt,01 Digitale Schule Ehrung_2020,00 bearbeitet von Solka",Realschule,SL,Deutschland,2020-05-28 09:32:46
Friedrich-Schiller-Schule Heusweiler,Schillerstr. 65,66265,Heusweiler,,"Ehrung_2015,Bewerbung MINT 2015,Erneute Bewerbung MINT 2019,Vorbewertung 2019 erfolgt,07 ReZi HF,Ehrung_2019,02 Erst-Bewerbung Digitale Schule 2020,03 Vorbewertung 2020 erfolgt,01 Digitale Schule Ehrung_2020,00 bearbeitet von Solka",Gemeinschaftsschule,SL,Deutschland,2020-04-09 15:31:33
Max-Klinger-Schule Leipzig,Miltitzer Weg 2,4205,Leipzig,,"Ehrung_2015,Bewerbung MINT 2015,Digitale Schule Ehrung 2017,Bewerbung Digitale Schule 2017,Erneute Bewerbung MINT 2018,Ehrung_2018,02 Erneute Bewerbung Digitale Schule 2020,03 Vorbewertung 2020 erfolgt,01 Digitale Schule Ehrung_2020,00 bearbeitet von Solka",Gymnasium,SN,Deutschland,2018-09-28 11:39:25
Saaleschule für (H)alle,Hans-Dittmar-Straße 9,6118,Halle (Saale),,"Erstbewerber MINT 2018,Ehrung_2018,02 Erst-Bewerbung Digitale Schule 2020,03 Vorbewertung 2020 erfolgt,01 Digitale Schule Ehrung_2020,00 bearbeitet von Solka",Integrierte Gesamtschule mit gymnasialer Oberstufe,ST,Deutschland,2020-05-29 13:39:56
"Staatliche Regelschule ""Nessetalschule Warza""",Am Schwimmbad 5,99869,Nessetal OT Warza,,"Ehrung_2015,Bewerbung MINT 2015,Digitale Schule Ehrung 2017,Bewerbung Digitale Schule 2017,Erneute Bewerbung MINT 2018,Ehrung_2018,02 Erneute Bewerbung Digitale Schule 2020,03 Vorbewertung 2020 erfolgt,01 Digitale Schule Ehrung_2020,00 bearbeitet von Solka",Regelschule,TH,Deutschland,2020-05-26 11:41:50
